{
  "metadata": {
    "engine_path": "/workspace/nnue-pytorch/cmds/experiments/experiments/experiment_experiment_baseline-20250708_060922/stockfish_base/src/stockfish",
    "net_path": null,
    "data_path": "/workspace/nnue-pytorch/mydata/T60T70wIsRightFarseer.binpack",
    "checkpoint_path": "/workspace/my-nnue-pytorch/mystuff/experiments/experiment_refactored_kan_early_iteration_g3_k3_3072_12_28-20251026_214053/training/run_0/lightning_logs/version_0/checkpoints/epoch=599-step=366600.ckp",
    "model_name": "sfnnvkan_g3_k3_3072_12_28_mlp",
    "positions_evaluated": 10176,
    "batch_size": 1000
  },
  "statistics": {
    "engine_stats": {
      "min": -4773,
      "max": 4451,
      "avg": 23.54736635220126,
      "avg_abs": 284.21088836477986
    },
    "model_stats": {
      "min": -7612.890625,
      "max": 6938.07177734375,
      "avg": 20.677108561653064,
      "avg_abs": 370.0915100469214
    },
    "error_metrics": {
      "relative_engine_error": 26.203827478947396,
      "relative_model_error": 567.4543415273063,
      "avg_abs_difference": 251.2653563704302,
      "min_difference": 0.021079063415527344,
      "max_difference": 3821.42138671875
    },
    "correlations": {
      "pearson": {
        "coefficient": 0.8487840266359943,
        "p_value": 0.0
      },
      "spearman": {
        "coefficient": 0.6742592175070823,
        "p_value": 0.0
      },
      "r_squared": 0.7204343238724122
    }
  },
  "timestamp": "20251201_145622"
}