{
  "metadata": {
    "engine_path": "/workspace/nnue-pytorch/cmds/experiments/experiments/experiment_experiment_baseline-20250708_060922/stockfish_base/src/stockfish",
    "net_path": null,
    "data_path": "/workspace/nnue-pytorch/mydata/T60T70wIsRightFarseer.binpack",
    "checkpoint_path": "/workspace/my-nnue-pytorch/mystuff/experiments/experiment_refactored_kan_early_iteration_smaller_g2_k2_3072_2_4-20251019_194900/training/run_0/lightning_logs/version_0/checkpoints/epoch-599-step=366600.ckpt",
    "model_name": "sfnnvkan_g2_k2_3072_2_4_mlp",
    "positions_evaluated": 10152,
    "batch_size": 1000
  },
  "statistics": {
    "engine_stats": {
      "min": -5068,
      "max": 4132,
      "avg": 25.22271473601261,
      "avg_abs": 273.90711189913316
    },
    "model_stats": {
      "min": -7965.39697265625,
      "max": 5984.9580078125,
      "avg": 18.716119961315506,
      "avg_abs": 358.65411255774336
    },
    "error_metrics": {
      "relative_engine_error": 11.665766416368928,
      "relative_model_error": 655.9128246420398,
      "avg_abs_difference": 246.90994101492402,
      "min_difference": 0.0062274932861328125,
      "max_difference": 3454.18701171875
    },
    "correlations": {
      "pearson": {
        "coefficient": 0.8393143190746146,
        "p_value": 0.0
      },
      "spearman": {
        "coefficient": 0.6564964160638073,
        "p_value": 0.0
      },
      "r_squared": 0.704448526203684
    }
  },
  "timestamp": "20251026_185927"
}