{
  "metadata": {
    "engine_path": "/home/patryk/msc/nnue-pytorch/mystuff/experiments/experiment_baseline-20250707_141503/stockfish_base/src/stockfish",
    "net_path": null,
    "data_path": "/home/patryk/msc/data/T60T70wIsRightFarseer.binpack",
    "checkpoint_path": "PLACEHOLDER",
    "model_name": "sfnnv9",
    "positions_evaluated": 10144,
    "batch_size": 500
  },
  "thresholds": {
    "engine_win_threshold": 150,
    "model_win_threshold": 252,
    "engine_scale": 208,
    "model_scale": 600,
    "threshold_ratio": 1.68
  },
  "metrics": {
    "accuracy": 0.7182570977917981,
    "macro_f1": 0.6569454130611597,
    "class_metrics": {
      "W": {
        "precision": 0.7417840375586855,
        "recall": 0.4844502847130968,
        "f1": 0.5861155272919979,
        "support": 2283
      },
      "D": {
        "precision": 0.7160322311753264,
        "recall": 0.8774259448416751,
        "f1": 0.7885556915544676,
        "support": 5874
      },
      "L": {
        "precision": 0.7051546391752578,
        "recall": 0.5163563160543533,
        "f1": 0.5961650203370134,
        "support": 1987
      }
    },
    "confusion_matrix": {
      "W": {
        "W": 1106,
        "D": 1116,
        "L": 61
      },
      "D": {
        "W": 352,
        "D": 5154,
        "L": 368
      },
      "L": {
        "W": 33,
        "D": 928,
        "L": 1026
      }
    }
  },
  "timestamp": "20251214_212729"
}